{
  "boxing_v1": {
    "mean_rewards": {
      "first": -1.6042857142857143
    }
  },
  "double_dunk_v2": {
    "mean_rewards": {
      "first": -17.47019867549669
    }
  },
  "ice_hockey_v1": {
    "mean_rewards": {
      "first": -9.681427627230667
    }
  },
  "pong_v2": {
    "mean_rewards": {
      "first": -20.217391304347824
    }
  },
  "surround_v1": {
    "mean_rewards": {
      "first": -9.997720679651886
    }
  },
  "tennis_v2": {
    "mean_rewards": {
      "first": -23.913989290495316
    }
  }
}